{
    "epoch": -1,
    "acc": 99.36015511391177,
    "precision": 98.1266368301631,
    "precision_ADL": 99.40097341819543,
    "precision_falling": 96.85230024213075,
    "recall": 86.20612669235513,
    "recall_ADL": 99.94848526876821,
    "recall_falling": 72.46376811594203,
    "f1": 91.2877659394762,
    "f1_ADL": 99.67397747480734,
    "f1_falling": 82.90155440414507
}